[
    {
        "fecha": "29/11/2025",
        "documento": "SIN-DOC-30663",
        "concepto": "Pan",
        "cuenta": "206000",
        "debe": 140.0,
        "haber": 0.0,
        "moneda": "INR",
        "estado": "pagado",
        "banco": "Caja",
        "saldo": -140.0
    },
    {
        "fecha": "29/11/2025",
        "documento": "SIN-DOC-55746",
        "concepto": "cama",
        "cuenta": "216000",
        "debe": 5000.0,
        "haber": 0.0,
        "moneda": "INR",
        "estado": "pagado",
        "banco": "Caja",
        "saldo": -5000.0
    },
    {
        "fecha": "29/11/2025",
        "documento": "SIN-DOC-15595",
        "concepto": "leche",
        "cuenta": "206000",
        "debe": 2140.0,
        "haber": 0.0,
        "moneda": "INR",
        "estado": "pagado",
        "banco": "Caja",
        "saldo": -2140.0
    },
    {
        "fecha": "29/11/2025",
        "documento": "SIN-DOC-63144",
        "concepto": "lavadora",
        "cuenta": "213000",
        "debe": 58000.0,
        "haber": 0.0,
        "moneda": "INR",
        "estado": "pagado",
        "banco": "SBI",
        "saldo": -58000.0
    },
    {
        "fecha": "29/11/2025",
        "documento": "SIN-DOC-47779",
        "concepto": "Banco",
        "cuenta": "769000",
        "debe": 0.0,
        "haber": 5000.0,
        "moneda": "INR",
        "estado": "pagado",
        "banco": "Union Bank",
        "saldo": 5000.0
    },
    {
        "fecha": "29/11/2025",
        "documento": "SIN-DOC-41881",
        "concepto": "Leche",
        "cuenta": "603000",
        "debe": 3000.0,
        "haber": 0.0,
        "moneda": "INR",
        "estado": "pagado",
        "banco": "SBI",
        "saldo": -3000.0
    },
    {
        "fecha": "29/11/2025",
        "documento": "SIN-DOC-28806",
        "concepto": "Leche",
        "cuenta": "SUB",
        "debe": 500.0,
        "haber": 0.0,
        "moneda": "INR",
        "estado": "pagado",
        "banco": "SBI",
        "saldo": -500.0
    }
]